-- phpMyAdmin SQL Dump
-- version 5.2.1
-- https://www.phpmyadmin.net/
--
-- Servidor: 127.0.0.1
-- Tiempo de generación: 01-12-2024 a las 00:44:33
-- Versión del servidor: 10.4.32-MariaDB
-- Versión de PHP: 8.0.30

SET SQL_MODE = "NO_AUTO_VALUE_ON_ZERO";
START TRANSACTION;
SET time_zone = "+00:00";


/*!40101 SET @OLD_CHARACTER_SET_CLIENT=@@CHARACTER_SET_CLIENT */;
/*!40101 SET @OLD_CHARACTER_SET_RESULTS=@@CHARACTER_SET_RESULTS */;
/*!40101 SET @OLD_COLLATION_CONNECTION=@@COLLATION_CONNECTION */;
/*!40101 SET NAMES utf8mb4 */;

--
-- Base de datos: `sistemadeventas`
--

-- --------------------------------------------------------

--
-- Estructura de tabla para la tabla `tb_almacen`
--

CREATE TABLE `tb_almacen` (
  `id_producto` int(11) NOT NULL,
  `codigo` varchar(255) NOT NULL,
  `nombre` varchar(255) NOT NULL,
  `descripcion` text DEFAULT NULL,
  `stock` int(11) NOT NULL,
  `stock_minimo` int(11) DEFAULT NULL,
  `stock_maximo` int(11) DEFAULT NULL,
  `precio_compra` varchar(255) NOT NULL,
  `precio_venta` int(255) NOT NULL,
  `fecha_ingreso` date NOT NULL,
  `imagen` text DEFAULT NULL,
  `id_usuario` int(11) NOT NULL,
  `id_categoria` int(11) NOT NULL,
  `fyh_creacion` datetime NOT NULL,
  `fyh_actualizacion` datetime NOT NULL
) ENGINE=InnoDB DEFAULT CHARSET=utf8 COLLATE=utf8_spanish_ci;

--
-- Volcado de datos para la tabla `tb_almacen`
--

INSERT INTO `tb_almacen` (`id_producto`, `codigo`, `nombre`, `descripcion`, `stock`, `stock_minimo`, `stock_maximo`, `precio_compra`, `precio_venta`, `fecha_ingreso`, `imagen`, `id_usuario`, `id_categoria`, `fyh_creacion`, `fyh_actualizacion`) VALUES
(3, 'P-00001', 'COCA QUINA', 'de 2 litro gaseosa', 210, 210, 500, '9', 12, '2024-11-25', '2024-11-25-03-06-13__COCAQUINA.JPEG', 1, 3, '2024-11-25 15:06:13', '2024-11-27 14:33:42'),
(4, 'P-00002', 'AUDIFONOS INALAMBRICOS', 'color negro', 185, 20, 150, '9', 15, '2024-11-25', '2024-11-25-10-19-14__audifonos.jpg', 1, 12, '2024-11-25 22:19:14', '0000-00-00 00:00:00');

-- --------------------------------------------------------

--
-- Estructura de tabla para la tabla `tb_carrito`
--

CREATE TABLE `tb_carrito` (
  `id_carrito` int(11) NOT NULL,
  `nro_venta` int(11) NOT NULL,
  `id_producto` int(11) NOT NULL,
  `cantidad` int(11) NOT NULL,
  `fyh_creacion` datetime NOT NULL,
  `fyh_actualizacion` datetime NOT NULL
) ENGINE=InnoDB DEFAULT CHARSET=utf8 COLLATE=utf8_spanish_ci;

--
-- Volcado de datos para la tabla `tb_carrito`
--

INSERT INTO `tb_carrito` (`id_carrito`, `nro_venta`, `id_producto`, `cantidad`, `fyh_creacion`, `fyh_actualizacion`) VALUES
(1, 1, 3, 2, '2024-11-27 20:49:46', '0000-00-00 00:00:00'),
(2, 1, 4, 9, '2024-11-27 21:22:37', '0000-00-00 00:00:00'),
(13, 4, 3, 1, '2024-11-29 19:22:03', '0000-00-00 00:00:00'),
(18, 3, 3, 10, '2024-11-30 18:05:30', '0000-00-00 00:00:00'),
(19, 3, 4, 5, '2024-11-30 18:05:38', '0000-00-00 00:00:00');

-- --------------------------------------------------------

--
-- Estructura de tabla para la tabla `tb_categorias`
--

CREATE TABLE `tb_categorias` (
  `id_categoria` int(11) NOT NULL,
  `nombre_categoria` varchar(255) NOT NULL,
  `fyh_creacion` datetime NOT NULL,
  `fyh_actualizacion` datetime NOT NULL
) ENGINE=InnoDB DEFAULT CHARSET=utf8 COLLATE=utf8_spanish_ci;

--
-- Volcado de datos para la tabla `tb_categorias`
--

INSERT INTO `tb_categorias` (`id_categoria`, `nombre_categoria`, `fyh_creacion`, `fyh_actualizacion`) VALUES
(1, 'FRUTAS', '2024-11-13 22:01:23', '2024-11-13 18:38:19'),
(2, 'MEDICAMENTOS', '2024-11-13 17:03:47', '2024-11-15 20:23:04'),
(3, 'LIQUIDOS', '2024-11-13 17:55:42', '0000-00-00 00:00:00'),
(4, 'ELECTRODOMESTICOS', '2024-11-13 18:29:16', '2024-11-13 18:38:50'),
(7, 'LIQUIDO', '2024-11-15 18:29:06', '0000-00-00 00:00:00'),
(12, 'ELECTRONICOS', '2024-11-15 23:16:20', '0000-00-00 00:00:00'),
(13, 'AMBIENTAL', '2024-11-16 17:30:03', '2024-11-27 14:31:41'),
(14, 'FRAGANCIAS', '2024-11-27 14:32:16', '0000-00-00 00:00:00');

-- --------------------------------------------------------

--
-- Estructura de tabla para la tabla `tb_clientes`
--

CREATE TABLE `tb_clientes` (
  `id_cliente` int(11) NOT NULL,
  `nombre_cliente` varchar(255) NOT NULL,
  `nit_ci_cliente` varchar(255) NOT NULL,
  `celular_cliente` varchar(50) NOT NULL,
  `email_cliente` varchar(255) NOT NULL,
  `fyh_creacion` datetime NOT NULL,
  `fyh_actualizacion` datetime NOT NULL
) ENGINE=InnoDB DEFAULT CHARSET=utf8 COLLATE=utf8_spanish_ci;

--
-- Volcado de datos para la tabla `tb_clientes`
--

INSERT INTO `tb_clientes` (`id_cliente`, `nombre_cliente`, `nit_ci_cliente`, `celular_cliente`, `email_cliente`, `fyh_creacion`, `fyh_actualizacion`) VALUES
(1, 'JULIAN MENDOZA', '6660606060', '3043737582', 'julian@gmail.com', '2024-11-28 04:16:07', '2024-11-28 04:16:07'),
(2, 'julia mamani', '3737373', '3043737582', 'juliamamad@gmail.com', '2024-11-28 04:16:07', '2024-11-28 04:16:07'),
(3, 'camilo lopez', '12345', '347373784', 'camilo@gmail.com', '2024-11-29 12:13:04', '0000-00-00 00:00:00');

-- --------------------------------------------------------

--
-- Estructura de tabla para la tabla `tb_compras`
--

CREATE TABLE `tb_compras` (
  `id_compra` int(11) NOT NULL,
  `id_producto` int(11) NOT NULL,
  `nro_compra` int(11) NOT NULL,
  `fecha_compra` date NOT NULL,
  `id_proveedor` int(11) NOT NULL,
  `comprobante` varchar(255) NOT NULL,
  `id_usuario` int(11) NOT NULL,
  `precio_compra` varchar(50) NOT NULL,
  `cantidad` int(11) NOT NULL,
  `fyh_creacion` datetime NOT NULL,
  `fyh_actualizacion` datetime NOT NULL
) ENGINE=InnoDB DEFAULT CHARSET=utf8 COLLATE=utf8_spanish_ci;

--
-- Volcado de datos para la tabla `tb_compras`
--

INSERT INTO `tb_compras` (`id_compra`, `id_producto`, `nro_compra`, `fecha_compra`, `id_proveedor`, `comprobante`, `id_usuario`, `precio_compra`, `cantidad`, `fyh_creacion`, `fyh_actualizacion`) VALUES
(1, 3, 1, '2024-11-25', 3, 'FACTURA', 1, '200', 50, '2024-11-25 21:34:05', '2024-11-25 21:34:05'),
(3, 4, 0, '2024-11-26', 8, 'FACTURA 1234', 1, '5600', 150, '2024-11-26 10:46:23', '2024-11-27 11:53:15');

-- --------------------------------------------------------

--
-- Estructura de tabla para la tabla `tb_proveedores`
--

CREATE TABLE `tb_proveedores` (
  `id_proveedor` int(11) NOT NULL,
  `nombre_proveedor` varchar(255) NOT NULL,
  `celular` varchar(100) NOT NULL,
  `telefono` varchar(50) DEFAULT NULL,
  `empresa` varchar(255) NOT NULL,
  `email` varchar(50) DEFAULT NULL,
  `direccion` varchar(255) NOT NULL,
  `fyh_creacion` datetime NOT NULL,
  `fyh_actualizacion` datetime NOT NULL
) ENGINE=InnoDB DEFAULT CHARSET=utf8 COLLATE=utf8_spanish_ci;

--
-- Volcado de datos para la tabla `tb_proveedores`
--

INSERT INTO `tb_proveedores` (`id_proveedor`, `nombre_proveedor`, `celular`, `telefono`, `empresa`, `email`, `direccion`, `fyh_creacion`, `fyh_actualizacion`) VALUES
(3, 'JHONATAN', '3043737582', '6075489', 'MARVEL', 'marvel@gmail.com', 'cll 133#22-118', '2024-11-16 21:09:03', '2024-11-25 15:50:27'),
(8, 'Maria Quispe Montes', '3043737582', '28837773', 'COPELMEX', 'maria@gmail.com', 'AV. panamericana 540', '2024-11-26 00:58:21', '0000-00-00 00:00:00');

-- --------------------------------------------------------

--
-- Estructura de tabla para la tabla `tb_roles`
--

CREATE TABLE `tb_roles` (
  `id_rol` int(11) NOT NULL,
  `rol` varchar(255) NOT NULL,
  `fyh_creacion` datetime NOT NULL,
  `fyh_actualizacion` datetime NOT NULL
) ENGINE=InnoDB DEFAULT CHARSET=utf8 COLLATE=utf8_spanish_ci;

--
-- Volcado de datos para la tabla `tb_roles`
--

INSERT INTO `tb_roles` (`id_rol`, `rol`, `fyh_creacion`, `fyh_actualizacion`) VALUES
(1, 'ADMINISTRADOR', '2024-11-12 15:38:06', '2024-11-14 07:22:29'),
(2, 'CONTADOR', '2024-11-12 10:46:07', '0000-00-00 00:00:00'),
(3, 'ALMACEN', '2024-11-13 10:12:38', '2024-11-27 14:31:09'),
(4, 'PROGRAMADOR', '2024-11-27 14:31:02', '0000-00-00 00:00:00');

-- --------------------------------------------------------

--
-- Estructura de tabla para la tabla `tb_usuarios`
--

CREATE TABLE `tb_usuarios` (
  `id_usuario` int(11) NOT NULL,
  `nombres` varchar(255) NOT NULL,
  `email` varchar(250) NOT NULL,
  `password_user` text NOT NULL,
  `token` varchar(100) NOT NULL,
  `id_rol` int(11) NOT NULL,
  `fyh_creacion` datetime NOT NULL,
  `fyh_actualizacion` datetime NOT NULL
) ENGINE=InnoDB DEFAULT CHARSET=utf8 COLLATE=utf8_spanish_ci;

--
-- Volcado de datos para la tabla `tb_usuarios`
--

INSERT INTO `tb_usuarios` (`id_usuario`, `nombres`, `email`, `password_user`, `token`, `id_rol`, `fyh_creacion`, `fyh_actualizacion`) VALUES
(1, 'Freddy Hilari', 'hilari@gmail.com', '$2y$10$QcmXOjCzjxIuckXg4s3mJeGS1YyZeGhhw0w2hMDUVLiURmDGqODnu', '', 1, '2024-11-13 21:37:43', '2024-11-27 14:29:15');

-- --------------------------------------------------------

--
-- Estructura de tabla para la tabla `tb_ventas`
--

CREATE TABLE `tb_ventas` (
  `id_venta` int(11) NOT NULL,
  `nro_venta` int(11) NOT NULL,
  `id_cliente` int(11) NOT NULL,
  `total_pagado` int(11) NOT NULL,
  `fyh_creacion` datetime NOT NULL,
  `fyh_actualizacion` datetime NOT NULL
) ENGINE=InnoDB DEFAULT CHARSET=utf8 COLLATE=utf8_spanish_ci;

--
-- Volcado de datos para la tabla `tb_ventas`
--

INSERT INTO `tb_ventas` (`id_venta`, `nro_venta`, `id_cliente`, `total_pagado`, `fyh_creacion`, `fyh_actualizacion`) VALUES
(4, 4, 2, 12, '2024-11-29 19:22:09', '0000-00-00 00:00:00'),
(6, 4, 2, 12, '2024-11-30 06:30:18', '0000-00-00 00:00:00'),
(9, 3, 1, 195, '2024-11-30 18:06:08', '0000-00-00 00:00:00');

--
-- Índices para tablas volcadas
--

--
-- Indices de la tabla `tb_almacen`
--
ALTER TABLE `tb_almacen`
  ADD PRIMARY KEY (`id_producto`),
  ADD KEY `id_usuario` (`id_usuario`),
  ADD KEY `id_categoria` (`id_categoria`);

--
-- Indices de la tabla `tb_carrito`
--
ALTER TABLE `tb_carrito`
  ADD PRIMARY KEY (`id_carrito`),
  ADD KEY `id_venta` (`nro_venta`),
  ADD KEY `id_producto` (`id_producto`);

--
-- Indices de la tabla `tb_categorias`
--
ALTER TABLE `tb_categorias`
  ADD PRIMARY KEY (`id_categoria`);

--
-- Indices de la tabla `tb_clientes`
--
ALTER TABLE `tb_clientes`
  ADD PRIMARY KEY (`id_cliente`);

--
-- Indices de la tabla `tb_compras`
--
ALTER TABLE `tb_compras`
  ADD PRIMARY KEY (`id_compra`),
  ADD KEY `id_producto` (`id_producto`),
  ADD KEY `id_proveedor` (`id_proveedor`),
  ADD KEY `id_usuario` (`id_usuario`);

--
-- Indices de la tabla `tb_proveedores`
--
ALTER TABLE `tb_proveedores`
  ADD PRIMARY KEY (`id_proveedor`);

--
-- Indices de la tabla `tb_roles`
--
ALTER TABLE `tb_roles`
  ADD PRIMARY KEY (`id_rol`);

--
-- Indices de la tabla `tb_usuarios`
--
ALTER TABLE `tb_usuarios`
  ADD PRIMARY KEY (`id_usuario`),
  ADD KEY `id_rol` (`id_rol`);

--
-- Indices de la tabla `tb_ventas`
--
ALTER TABLE `tb_ventas`
  ADD PRIMARY KEY (`id_venta`),
  ADD KEY `id_cliente` (`id_cliente`),
  ADD KEY `nro_venta` (`nro_venta`);

--
-- AUTO_INCREMENT de las tablas volcadas
--

--
-- AUTO_INCREMENT de la tabla `tb_almacen`
--
ALTER TABLE `tb_almacen`
  MODIFY `id_producto` int(11) NOT NULL AUTO_INCREMENT, AUTO_INCREMENT=6;

--
-- AUTO_INCREMENT de la tabla `tb_carrito`
--
ALTER TABLE `tb_carrito`
  MODIFY `id_carrito` int(11) NOT NULL AUTO_INCREMENT, AUTO_INCREMENT=20;

--
-- AUTO_INCREMENT de la tabla `tb_categorias`
--
ALTER TABLE `tb_categorias`
  MODIFY `id_categoria` int(11) NOT NULL AUTO_INCREMENT, AUTO_INCREMENT=15;

--
-- AUTO_INCREMENT de la tabla `tb_clientes`
--
ALTER TABLE `tb_clientes`
  MODIFY `id_cliente` int(11) NOT NULL AUTO_INCREMENT, AUTO_INCREMENT=4;

--
-- AUTO_INCREMENT de la tabla `tb_compras`
--
ALTER TABLE `tb_compras`
  MODIFY `id_compra` int(11) NOT NULL AUTO_INCREMENT, AUTO_INCREMENT=4;

--
-- AUTO_INCREMENT de la tabla `tb_proveedores`
--
ALTER TABLE `tb_proveedores`
  MODIFY `id_proveedor` int(11) NOT NULL AUTO_INCREMENT, AUTO_INCREMENT=10;

--
-- AUTO_INCREMENT de la tabla `tb_roles`
--
ALTER TABLE `tb_roles`
  MODIFY `id_rol` int(11) NOT NULL AUTO_INCREMENT, AUTO_INCREMENT=5;

--
-- AUTO_INCREMENT de la tabla `tb_usuarios`
--
ALTER TABLE `tb_usuarios`
  MODIFY `id_usuario` int(11) NOT NULL AUTO_INCREMENT, AUTO_INCREMENT=3;

--
-- AUTO_INCREMENT de la tabla `tb_ventas`
--
ALTER TABLE `tb_ventas`
  MODIFY `id_venta` int(11) NOT NULL AUTO_INCREMENT, AUTO_INCREMENT=10;

--
-- Restricciones para tablas volcadas
--

--
-- Filtros para la tabla `tb_almacen`
--
ALTER TABLE `tb_almacen`
  ADD CONSTRAINT `tb_almacen_ibfk_1` FOREIGN KEY (`id_categoria`) REFERENCES `tb_categorias` (`id_categoria`) ON UPDATE CASCADE,
  ADD CONSTRAINT `tb_almacen_ibfk_2` FOREIGN KEY (`id_usuario`) REFERENCES `tb_usuarios` (`id_usuario`) ON DELETE NO ACTION ON UPDATE CASCADE;

--
-- Filtros para la tabla `tb_carrito`
--
ALTER TABLE `tb_carrito`
  ADD CONSTRAINT `tb_carrito_ibfk_1` FOREIGN KEY (`id_producto`) REFERENCES `tb_almacen` (`id_producto`) ON DELETE NO ACTION ON UPDATE NO ACTION;

--
-- Filtros para la tabla `tb_compras`
--
ALTER TABLE `tb_compras`
  ADD CONSTRAINT `tb_compras_ibfk_1` FOREIGN KEY (`id_proveedor`) REFERENCES `tb_proveedores` (`id_proveedor`) ON DELETE NO ACTION ON UPDATE CASCADE,
  ADD CONSTRAINT `tb_compras_ibfk_2` FOREIGN KEY (`id_producto`) REFERENCES `tb_almacen` (`id_producto`) ON DELETE NO ACTION ON UPDATE CASCADE,
  ADD CONSTRAINT `tb_compras_ibfk_3` FOREIGN KEY (`id_usuario`) REFERENCES `tb_usuarios` (`id_usuario`) ON DELETE NO ACTION ON UPDATE CASCADE;

--
-- Filtros para la tabla `tb_usuarios`
--
ALTER TABLE `tb_usuarios`
  ADD CONSTRAINT `tb_usuarios_ibfk_1` FOREIGN KEY (`id_rol`) REFERENCES `tb_roles` (`id_rol`) ON UPDATE CASCADE;

--
-- Filtros para la tabla `tb_ventas`
--
ALTER TABLE `tb_ventas`
  ADD CONSTRAINT `tb_ventas_ibfk_1` FOREIGN KEY (`id_cliente`) REFERENCES `tb_clientes` (`id_cliente`) ON DELETE NO ACTION ON UPDATE NO ACTION,
  ADD CONSTRAINT `tb_ventas_ibfk_2` FOREIGN KEY (`nro_venta`) REFERENCES `tb_carrito` (`nro_venta`) ON DELETE NO ACTION ON UPDATE NO ACTION;
COMMIT;

/*!40101 SET CHARACTER_SET_CLIENT=@OLD_CHARACTER_SET_CLIENT */;
/*!40101 SET CHARACTER_SET_RESULTS=@OLD_CHARACTER_SET_RESULTS */;
/*!40101 SET COLLATION_CONNECTION=@OLD_COLLATION_CONNECTION */;
